benchmark,repetition,iterations,ns_per_op,bytes_per_op,allocs_per_op,user_cpu_seconds,system_cpu_seconds,total_cpu_seconds,peak_rss_bytes
BenchmarkSourceFields/kakaowork/Flat/Generated,1,500000,279.9,1027,2,0.143612,0.005418,0.14903,13467648
BenchmarkToKakaoworkMessage/Flat/Generated,1,100000,2616.0,3424,45,0.260895,0.0026609999999999997,0.263556,14139392
BenchmarkSourceFields/kakaowork/Nested/Generated,1,500000,1039.0,3344,8,0.5061789999999999,0.00466,0.5108389999999999,13385728
BenchmarkToKakaoworkMessage/Nested/Generated,1,100000,8135.0,11112,122,0.805117,0.004105999999999999,0.809223,14499840
BenchmarkSourceFields/kakaowork/Dynamic/Generated,1,500000,1505.0,3592,10,0.7374029999999999,0.005513,0.7429159999999999,15990784
BenchmarkToKakaoworkMessage/Dynamic/Generated,1,100000,11351.0,12584,143,1.126153,0.004251,1.130404,14581760
BenchmarkSourceFields/slack/Flat/Generated,1,500000,274.7,1027,2,0.137983,0.002192,0.140175,13385728
BenchmarkToSlackMessage/Flat/Generated,1,100000,2893.0,3720,55,0.288269,0.0029029999999999998,0.291172,13975552
BenchmarkSourceFields/slack/Nested/Generated,1,500000,1051.0,3568,8,0.515784,0.00379,0.519574,14024704
BenchmarkToSlackMessage/Nested/Generated,1,100000,10154.0,12864,152,1.004855,0.004391,1.009246,14319616
BenchmarkSourceFields/slack/Dynamic/Generated,1,500000,1566.0,3816,10,0.767324,0.006031,0.773355,19922944
BenchmarkToSlackMessage/Dynamic/Generated,1,100000,14220.0,14400,175,1.40977,0.005431,1.415201,14745600
BenchmarkSourceFields/googlechat/Flat/Generated,1,500000,287.9,1027,2,0.14202199999999998,0.003127,0.14514899999999997,13369344
BenchmarkToGoogleChatMessage/Flat/Generated,1,100000,5809.0,5896,74,0.5774619999999999,0.003894,0.5813559999999999,14729216
BenchmarkSourceFields/googlechat/Nested/Generated,1,500000,1066.0,3568,8,0.518563,0.006366999999999999,0.52493,13746176
BenchmarkToGoogleChatMessage/Nested/Generated,1,100000,17526.0,18235,194,1.736322,0.006071,1.7423929999999999,17235968
BenchmarkSourceFields/googlechat/Dynamic/Generated,1,500000,1530.0,3816,10,0.766166,0.002608,0.7687740000000001,17367040
BenchmarkToGoogleChatMessage/Dynamic/Generated,1,100000,21436.0,19771,217,2.122109,0.006095,2.128204,16367616
BenchmarkSourceFields/kakaowork/Flat/Generated,2,500000,279.8,1027,2,0.137926,0.0034319999999999997,0.14135799999999998,13680640
BenchmarkToKakaoworkMessage/Flat/Generated,2,100000,2524.0,3424,45,0.251573,0.0024289999999999997,0.254002,13713408
BenchmarkSourceFields/kakaowork/Nested/Generated,2,500000,1012.0,3344,8,0.498575,0.003564,0.502139,13647872
BenchmarkToKakaoworkMessage/Nested/Generated,2,100000,7964.0,11112,122,0.787991,0.0040149999999999995,0.792006,14237696
BenchmarkSourceFields/kakaowork/Dynamic/Generated,2,500000,1502.0,3592,10,0.735408,0.004908,0.740316,14368768
BenchmarkToKakaoworkMessage/Dynamic/Generated,2,100000,11408.0,12584,143,1.130606,0.004314,1.13492,14893056
BenchmarkSourceFields/slack/Flat/Generated,2,500000,277.3,1027,2,0.13674899999999998,0.002934,0.13968299999999997,13303808
BenchmarkToSlackMessage/Flat/Generated,2,100000,2863.0,3720,55,0.288303,0.002294,0.290597,14123008
BenchmarkSourceFields/slack/Nested/Generated,2,500000,1033.0,3568,8,0.519124,0.0020599999999999998,0.521184,13565952
BenchmarkToSlackMessage/Nested/Generated,2,100000,10315.0,12864,152,1.020372,0.0049759999999999995,1.0253480000000001,14696448
BenchmarkSourceFields/slack/Dynamic/Generated,2,500000,1551.0,3816,10,0.7619159999999999,0.0050349999999999995,0.7669509999999999,14811136
BenchmarkToSlackMessage/Dynamic/Generated,2,100000,13789.0,14400,175,1.366623,0.005161,1.371784,14729216
BenchmarkSourceFields/googlechat/Flat/Generated,2,500000,280.0,1027,2,0.138003,0.002698,0.140701,13467648
BenchmarkToGoogleChatMessage/Flat/Generated,2,100000,5825.0,5896,74,0.579105,0.0036309999999999997,0.582736,14876672
BenchmarkSourceFields/googlechat/Nested/Generated,2,500000,1071.0,3568,8,0.52091,0.00546,0.52637,13844480
BenchmarkToGoogleChatMessage/Nested/Generated,2,100000,17513.0,18235,194,1.734698,0.006366999999999999,1.741065,16662528
BenchmarkSourceFields/googlechat/Dynamic/Generated,2,500000,1558.0,3816,10,0.763015,0.005566,0.768581,13778944
BenchmarkToGoogleChatMessage/Dynamic/Generated,2,100000,21201.0,19771,217,2.102011,0.006515,2.108526,15728640
BenchmarkSourceFields/kakaowork/Flat/Generated,3,500000,280.8,1027,2,0.13838499999999998,0.003721,0.14210599999999998,14172160
BenchmarkToKakaoworkMessage/Flat/Generated,3,100000,2519.0,3424,45,0.251674,0.002531,0.254205,13975552
BenchmarkSourceFields/kakaowork/Nested/Generated,3,500000,1032.0,3344,8,0.501923,0.005980999999999999,0.507904,20856832
BenchmarkToKakaoworkMessage/Nested/Generated,3,100000,7996.0,11112,122,0.790956,0.004889,0.795845,14336000
BenchmarkSourceFields/kakaowork/Dynamic/Generated,3,500000,1494.0,3592,10,0.7320639999999999,0.005411,0.737475,13991936
BenchmarkToKakaoworkMessage/Dynamic/Generated,3,100000,12106.0,12584,143,1.184018,0.009245,1.193263,28196864
BenchmarkSourceFields/slack/Flat/Generated,3,500000,279.4,1027,2,0.137593,0.0030039999999999997,0.140597,13680640
BenchmarkToSlackMessage/Flat/Generated,3,100000,2864.0,3720,55,0.285134,0.0028569999999999997,0.287991,13893632
BenchmarkSourceFields/slack/Nested/Generated,3,500000,1062.0,3568,8,0.516393,0.0061779999999999995,0.522571,13451264
BenchmarkToSlackMessage/Nested/Generated,3,100000,10220.0,12864,152,1.009684,0.005588,1.015272,14843904
BenchmarkSourceFields/slack/Dynamic/Generated,3,500000,1575.0,3816,10,0.7712669999999999,0.005502,0.7767689999999999,14499840
BenchmarkToSlackMessage/Dynamic/Generated,3,100000,13838.0,14400,175,1.37145,0.0051849999999999995,1.376635,14630912
BenchmarkSourceFields/googlechat/Flat/Generated,3,500000,266.9,1027,2,0.136048,0.002059,0.138107,13484032
BenchmarkToGoogleChatMessage/Flat/Generated,3,100000,5784.0,5896,74,0.574951,0.003023,0.577974,14712832
BenchmarkSourceFields/googlechat/Nested/Generated,3,500000,1062.0,3568,8,0.516498,0.005186,0.521684,13402112
BenchmarkToGoogleChatMessage/Nested/Generated,3,100000,17523.0,18235,194,1.735541,0.006640999999999999,1.742182,17137664
BenchmarkSourceFields/googlechat/Dynamic/Generated,3,500000,1553.0,3816,10,0.762174,0.004815,0.766989,13713408
BenchmarkToGoogleChatMessage/Dynamic/Generated,3,100000,21231.0,19771,217,2.105233,0.006369,2.111602,15384576
